paneer veg wrap;"4 tablespoon paneer, 4 tablespoon green beans,1/2 cup coriander leaves, 1/2 teaspoon cumin seeds, 1/4 teaspoon paprika, 4 tablespoon carrot, 1/2 onion, 1/4 teaspoon paprika, 1/2 tablespoon lemon juice, salt As required, 4 tablespoon Wheat flour, 2/3 tablespoon water"
Veh whole wheat burrito;"1 negligible pcs whole wheat mexican tortillar ,1/8recipe refried beans ,1/8 recipe tomato salsa ,1 negligible tsp finely chopped spring onions whites and greens ,1 negligible tbsp shredded cabbage"
Mini oats bhakri pizza;"For the Pizza Sauce Small tomato- 1, Olive oil- 1 teaspoon, Finely chopped garlic- 2 cloves, Small finely chopped onions- ½, Dried oregano- ¼  teaspoon, Dry red chili flakes- ¼  teaspoon, Chilli powder- 1 tsp, Salt to taste For the Bhakri Whole wheat flour- 15 gram, Quick cooking rolled oats flour- 15 grams, Oil-  ¼ teaspoon, Salt to taste For the Vegetable Topping Finely chopped red, yellow and green capsicum – ¼  cup, Blanched small broccoli florets- 3-4 cup, Dried oregano- ¼  teaspoon, Dry red chilli flakes- ¼  teaspoon, Salt to taste"
Mushroom Freezer Breakfast Burritos;"2 tablespoons neutral oil canola, vegetable, grapeseed, ½ white onion diced ,2 garlic clove minced 2 cups crimini mushrooms chopped, 4 cups loosely packed spinach chopped, ¼ teaspoon salt 8 large eggs, 3 tablespoons of milk, Salt and pepper to taste, Cooking spray, 4 large whole wheat tortillas, ¼ cup + 2 tablespoons goat cheese"
Veg Whole wheat burrito;
"Bagel Thins With Nut Butter, Banana, and Chia Seeds;","2 whole wheat mini bagels, 3 tablespoons peanut butter, 1 small banana, sliced Sprinkle of chia seeds, Drizzle of honey"
Blueberry pecan energy balls (2 balls);"1 ½ cups dried blueberries,   1 ½ cups pecans,   6 tablespoons cocoa nibs ,  6 tablespoons almond butter,   3 tablespoons chia seeds ,  3 tablespoons pure maple syrup,   Pinch of salt"
Baked asparagus and cheese frittata;"2 tablespoons fine dry breadcrumbs,   1 pound thin asparagus,   1 ½ teaspoons extra-virgin olive oil,   2 onions, chopped   1 red bell pepper, chopped   2 cloves garlic, minced   ½ teaspoon salt, divided   ½ cup water ,  Freshly ground pepper, to taste,   4 large eggs,   2 large egg whites,   1 cup part-skim ricotta cheese,   1 tablespoon chopped fresh parsley ,  ½ cup shredded Gruy"
White Cheddar Zucchini Muffins;1¼ cup almond flour 3 large eggs ½ tsp baking soda ¼ tsp coarse salt* ¼ tsp black pepper ½ tsp onion powder ½ tsp garlic powder 1 cup + 1 Tbsp shredded cheddar cheese 1 cup shredded and squeezed zucchini (1/2 a large zucchini or 1 small zucchini)
Scallion Grits With Shrimp ;"1 ½ cups fat-free milk 1 ½ cups water 2 bay leaves 1 cup stone-ground corn grits ¼ Cup Seafood Broth 2 garlic cloves, minced 2 scallions, white and green parts, thinly sliced 1 pound medium shrimp, shelled and deveined ½ teaspoon dried dill ½ teaspoon smoked paprika ¼ teaspoon celery seeds"
Cream cheese stuffed french toast;"8 ounces cream cheese 1 package, softened 1/3 cup powdered sugar or more to taste 1 tablespoon vanilla extract 12 slices of Texas Toast (one loaf) 2 eggs 3/4 cup milk 1 teaspoon ground cinnamon 1 teaspoon granulated sugar"
salmon Salad with White Beans;"1/2 pound salmon steak (leftover grilled salmon is fine), 1/3 cup extra-virgin olive oil, plus 2 tablespoons if using raw fish, plus more to taste if necessary 2 tablespoons extra-virgin olive oil more extra-virgin olive oil to taste if necessary Several sprigs fresh thyme or 1/2 teaspoon dried thyme, if using raw fish 1 red or yellow bell pepper Juice of 1 large lemon, plus more to taste if necessary 3 cups cooked or canned white beans, drained 10 cherry tomatoes, halved 1/4 cup diced shallots 12 to 15 good black or green olives, pitted and coarsely chopped, 1/4 cup minced fresh basil leaves, 1/4 cup minced fresh parsley leaves, Salt and freshly ground black pepper to taste, freshly ground black pepper, 4 cups torn assorted salad greens (trimmed, washed and dried)"
Cuban-Marinated Sirloin Kabobs with Grilled Asparagus ;"1 pound top sirloin, 1/2 cup finely chopped onion, 1/2 cup orange juice, 1/4 cup lime juice, 2 tablespoons chopped fresh garlic, 1 tablespoon dried oregano, 1 teaspoon ground cumin, 1 tablespoon extra-virgin olive oil, 1/2 teaspoon kosher salt, 1/2 teaspoon freshly ground pepper, Grilled Asparagus Lime wedges (optional), 1 pound fresh asparagus, 1 tablespoon extra-virgin olive oil, 1/4 teaspoon kosher salt, 1/2 teaspoon freshly ground pepper, 3 Lean Meat 1 Fat 1 Vegetable"
Apple Pie Oatmeal with Greek Yogurt;"1 1/2 cups fat-free milk, 1 cup unsweetened apple juice or cider, 1/2 cup steel cut oats, 1/8 teaspoon kosher salt, 1/2 Fuji or Braeburn apple, peeled and chopped, 1/4 teaspoon apple pie spice, 1/2 cup fat-free plain Greek yogurt"
Whole-Wheat Blueberry Muffins ;"¾ cups plus 1 teaspoon white whole wheat flour or regular whole wheat flour 1 teaspoon baking powder ½ teaspoon baking soda ½ teaspoon fine sea salt ¼ teaspoon ground cinnamon (optional) ⅓ cup melted coconut oil or extra-virgin olive oil ½ cup honey or maple syrup 2 eggs, preferably at room temperature 1 cup plain Greek yogurt* 2 teaspoons vanilla extract 1 cup (6 ounces) blueberries, fresh or frozen 1 tablespoon turbinado sugar (also called raw sugar), for sprinkling on top"
Spinach and Tomato Pasta;"0.13 lb. penne pasta,  0.25 yellow onion,  0.5 cloves garlic,  0.25 Tbsp olive oil,  0.25 15oz. can diced tomatoes,  0.13 tsp dried oregano , 0.13 tsp dried basil,  0.25 pinch crushed red pepper (optional),  0.13 tsp salt  freshly cracked black pepper to taste,  0.5 Tbsp tomato paste,  0.5 oz. cream cheese,  0.06 cup grated Parmesan,  1 oz. fresh spinach"
Grilled Turkey Burgers;"Serving of 4: 1 1/3 pounds 93% lean ground turkey, 1/2 medium yellow onion, finely grated & squeezed of excess moisture 2 cloves garlic, finely chopped or grated 2 tablespoons mayonnaise , 2 teaspoons Worcestershire sauce, 1 1/2 teaspoons kosher salt, 1/2 teaspoon ground black pepper oil, for the grill grates for serving, as desired: burger buns, cheese of choice, toppings of choice (e.g. lettuce, tomatoes, thinly sliced onion, pickles, etc.), condiments of choice (e.g. mustard, ketchup, et.c)"
Veggie and Goat Cheese Scramble;"1 tablespoon unsalted butter, 8 eggs, beaten, 3/4 cup milk, 4 ounces goat cheese, crumbled, 1 cup bell pepper, diced, 1/2 cup halved cherry tomatoes, 1 avocado, diced, Parsley, fresh ground black pepper to garnish"
Curried Chicken Salad Stuffed Pitas;"6 tablespoons nonfat plain yogurt,   ¼ cup low-fat mayonnaise,   1 tablespoon curry powder,   2 cups cooked, cubed chicken breast,   1 ripe but firm pear, diced   1 stalk celery, finely diced,   ½ cup dried cranberries,   1/4 cup sliced or slivered almonds, toasted  4- to 5-inch whole-wheat pita breads, cut in half,   2 cups sprouts"
"Granola with Nuts, Seeds, and Dried Fruit;","8 cups rolled oats (not the quick kind), 1 cup sunflower seeds, ½ cup pepitas, 1 cup pecans roughly chopped, ½ cup flaked almonds, 1 cup walnuts roughly chopped ,1 cup unsalted cashews (I left mine whole), ½ cup coconut flakes (or any kind of coconut that you like), ½ cup dried cranberries, ½ cup sultanas (or raisins), ½ cup dried apricots, chopped, 2 teaspoons vanilla extract (the good stuff), 1 cup oil (I used macadamia nut oil but anything will work) ,¾ cup honey, ¼ cup maple syrup, 1½ teaspoons salt, ½ cup brown sugar"
 Quinoa Tabbouleh Salad;"1 cup quinoa, rinsed well, 1/2 teaspoon kosher salt plus more 2 tablespoon fresh lemon juice 1 garlic clove, minced 1/2 cup extra-virgin olive oil Freshly ground black pepper, 1 large English hothouse cucumber or 2 Persian cucumbers, cut into 1/4"" pieces 1 pint cherry tomatoes, halved 2/3 cup chopped flat-leaf parsley, 1/2 cup chopped fresh mint 2 scallions, thinly sliced"
Beef and Rice Stuffed Peppers;"6 bell peppers,   2 ½ cups chunky tomato sauce,   ½ onion, very thinly sliced,   1 cup beef broth,   ¼ teaspoon red pepper flakes,   1 ½ pounds lean ground beef,   1 ½ cups cooked rice ,  ½ cup freshly shredded Parmigiano-Reggiano cheese   ,¼ cup chopped fresh flat-leaf parsley,   ½ cup chunky tomato sauce, divided  4 cloves garlic, minced   2 teaspoons salt,   ½ teaspoon freshly ground black pepper,   1 tablespoon chopped fresh flat-leaf parsley, divided"
 Banana-Carrot and Pecan Muffins;"1 cup whole wheat flour, 1 teaspoon baking powder, 1 teaspoon ground cinnamon, ¼ teaspoon baking soda, ½ teaspoon kosher salt, ¼ cup canola oil, 1/3 cup brown sugar, 1 large egg, 1/3 cup vanilla sugar-free yogurt, ¾ cup shredded carrot, ½ cup mashed banana, 1 teaspoon vanilla extract, ¼ cup chopped pecans"
 Lemony Hummus;"2 garlic cloves, peeled 1 can (15 ounces) chickpeas or garbanzo beans, rinsed and drained, 1/4 cup lemon juice, 3 tablespoons water ,2 tablespoons tahini ,1 teaspoon ground cumin ,1/4 teaspoon salt, 1/4 teaspoon pepper Pita breads, warmed and cut into wedges, Carrot and celery sticks"
Chicken Tortilla Soup;"2 tablespoons vegetable oil 1 small onion, diced 2 tablespoons minced garlic 2 jalapenos, finely diced 6 cups low-sodium chicken broth One 14.5-ounce can fire-roasted diced tomatoes One 14.5-ounce can black beans, rinsed and drained 3 chicken breasts, boneless and skinless 2 limes, juiced, plus wedges for garnish Salt and freshly ground black pepper 1 cup roughly chopped fresh cilantro leaves One 8-inch flour tortilla, grilled, cut into thin strips 1 avocado, pitted, sliced 1 cup shredded Monterrey cheese"
Tomato and Basil Frittata;"1/4 cup diced onion sweet yellow onions, cooking spray ,10 eggs, 1/2 cup milk, 1/2 teaspoon salt ,1/4 teaspoon black pepper, 1 cup shredded part skim mozzarella divided, 1 cup sliced tomatoes, 10 leaves to 15 fresh basil"
Butternut Squash and Carrot Soup;"3 cups peeled, diced butternut squash (about 1 small squash)  , 2 cups thinly sliced carrots (4 medium),   ¾ cup thinly sliced leek or chopped onion   ,1 tablespoon butter or margarine  , 2 14.5 ounces cans reduced-sodium chicken broth ,  ¼ teaspoon ground white pepper   ,¼ teaspoon ground nutmeg  , ¼ cup half-and-half or light cream,   Crème fraîche or dairy sour cream (optional),   Toasted pumpkin seeds (pepitas) (optional) ,  Fresh tarragon sprigs (optional)"
Grilled Shrimp Skewers;"1 pound large shrimp peeled and deveined ,3 tablespoons olive oil, 2 tablespoons lemon juice, ½ teaspoon salt, ¼ teaspoon pepper ,1 teaspoon oregano, ½ teaspoon paprika, ½ teaspoon garlic powder, Chipped parsley for serving Lemon slices for serving"
Blueberry spinach smoothie;"3 tablespoons old-fashioned oats, 1 cup fresh spinach, 1 cup frozen blueberries ,1/3 cup plain Greek yogurt ,¾ cup milk (whichever type you prefer) ,1/8 teaspoon cinnamon (optional"
Overnight oat meal;"Base ½ cup rolled old fashioned oats, ½ cup milk of choice, ¼ cup non-fat Greek yogurt, 1 tablespoon chia seeds ,1 tablespoon sweetener of choice honey or maple syrup ,1/4 teaspoon vanilla extract Peanut Butter & Jelly ,1 tablespoon strawberry jam, 1 tablespoon peanut butter, ¼ cup diced strawberries ,2 tablespoons peanuts crushed Apple Pie, 1/4 cup diced apples ,1 tablespoon pecans chopped ,2 teaspoons maple syrup, ¼ teaspoon ground cinnamon Banana Nutella ,½ banana sliced, 1 tablespoon Nutella, 1 tablespoon hazelnuts crushed ,1 tablespoon chocolate chips Almond Joy, ¼ cup shredded coconut ,1 tablespoon almonds chopped ,1 tablespoon chocolate chips ,2 teaspoons maple syrup"
Nut butter and fruit;"Multigrain Bread (1/2 inch thick) 2 Slices Almond, Cashew, or Peanut Butter 4 Tbsp Fresh Bananas, Berries, or Apples Sahale Snacks ,Honey Almonds Glazed Mix 1 - (4 oz) Pouch Honey 2 Tbsp"
Egg sandwich;" 2 boiled eggs  ,4 slices BREAD or 2 pav or buns ,2 tsp oil for making the stuffing ,1 tsp butter or oil for smearing on the bread (optional)  ,1 onion large, sliced thinly , 1 garlic clove large, chopped finely  ,1/2 tsp cumin , 1 green chili chopped finely , 1/4 tsp GARAM MASALA or pepper powder or cajun spice mix  ,1/4 tsp red chili powder  ,1/4 tsp kasuri methi or as needed or any dried herbs of your choice(optional)  veggies raw , grated or sliced thinly (carrots, onions, cucumber, lettuce)  ,lemon juice (optional)"
Sweet potato and chicken sausage hash;"3 Tbsp coconut oil divided, for cooking 2 small/med sweet potatoes chopped into small pieces about 1/2 inch ,1 med onion chopped ,1 small/med bell pepper red, orange, yellow, chopped ,1/2 lb fresh bulk sausage sugar free for Whole,1/4-1/2 tsp paprika or smoked paprika, Sea salt and black pepper, Pinch red pepper flakes Optional, for the sausage 4 eggs, Thinly sliced scallions for garnish"
Veagetable omlet;"1 teaspoon olive or canola oil ,2 tablespoons chopped red bell pepper, 1 tablespoon chopped onion ,1/4 cup sliced mushrooms ,1 cup loosely packed fresh baby spinach leaves, rinsed 1/2 cup fat-free egg product or 2 eggs, beaten 1 tablespoon water Dash salt Dash pepper ,1 tablespoon shredded reduced-fat Cheddar cheese"
Savory Oat meal;"1 teaspoon Oil ,2 Garlic Cloves minced, ¾ cup Quick cooking Oats, ½ teaspoon Taco Seasoning, ¼ teaspoon Paprika Powder, ½ teaspoon Lime Juice, 2 cups Water,  Salt to taste,  Corn Salsa, grated Cheddar, Avocado and Jalapeno for topping"
Tacos;"1 lb. 90% to 93% lean ground beef, 1 Tablespoon chili powder, 1 teaspoon ground cumin ,3/4 teaspoon salt, 1/2 teaspoon dried oregano, 1/2 teaspoon garlic powder, 1/4 teaspoon ground black pepper, 1/2 cup tomato sauce ,1/4 cup water ,12 taco shells - either hard shells or small 6-inch soft flour tortillas will work Optional Taco Toppings: shredded cheese"
Avocados toast; 1 slice of bread (I like thick-sliced whole-grain bread best) ½ ripe avocado Pinch of salt Optional: Any of the extra toppings suggested in this post 
Cottage cheese with fruit;"1 medium tangerine (mandarin orange), 2 medium kiwi ,1 cup pineapple ,2 cup cottage cheese "
Whole grain french toast;"2 large eggs, 1 cup  milk, of choice (240 mL), 2 tablespoons  maple syrup, plus more for serving ,1 teaspoon  vanilla extract, 1 teaspoon  ground cinnamon, salt to taste, 8 slices whole wheat bread powdered sugar, for sprinkling"
Oats idli with coriander chutney;"2 cups semolina ,1 cup oats, 1/2 cups curd to taste, Salt ,4 tbsp chopped coriander leaves ,1 tsp cumin seeds ,1/2 tsp asafoetida ,1 tsp Mustard seeds As needed Water 2 tsp ghee"
Humus with maze tortillas;"4 medium ears sweet corn, husks removed 1 small red onion, cut crosswise into 1/2-inch slices ,2 tablespoons olive oil, divided 8 corn tortillas (6 inches) ,1 container (8 ounces) hummus ,1/4 teaspoon ground chipotle pepper, 1 cup cherry tomatoes, halved 1/2 teaspoon salt ,1 medium ripe avocado, peeled and sliced ,1/2 cup crumbled feta cheese ,1 jalapeno pepper, thinly sliced Lime wedges, optional Fresh cilantro leaves, optional Mexican hot pepper sauce, optional"
chana masala;"1 cup white chickpeas raw, 200 grams, soaked overnight or use 2.5 cups canned chickpeas 3/4 + 1/8 teaspoon salt or as needed, divided, 2.5 cups water to boil the chickpeas, skip if using canned chickpeas ,1 inch ginger ,3-4 large garlic cloves, 1 green chili or more to taste, 2 tablespoons oil 30 ml, avocado oil ,1 bay leaf, 4 whole green cardamoms ,3 cloves ,1 inch cinnamon stick, 7-8 whole black peppercorns ,3/4 teaspoon cumin seeds ,1 large red onion finely chopped, 2 medium tomatoes pureed ,1 tablespoon tomato paste ,1 teaspoon coriander powder ,1/2 teaspoon cumin powder, 1/2 teaspoon paprika, 1/4 teaspoon turmeric powder ,1/4 teaspoon garam masala ,1 teaspoon kasuri methi crushed, dried fenugreek leaves ,1-2 tablespoons chopped cilantro"
Moong dal chilla;½ Cup Split Moong Dal (Dry – once soaked it will be around 1 Cup. ¼ inch piece of Ginger 2-3 green chilies (as per taste) 1 teaspoon Cumin Seeds ¼ teaspoon of Asafoetida Water as required Salt to taste Oil for shallow frying
Exotic veggie salad;"1 tsp honey , 1/2 tsp pepper powder  ,1/2 tsp chili flakes , 2 tsp extra virgin olive oil , 1/2 lemon  Salt to taste  Ingredients for Salad: , 1/3 cup Green bell pepper  ,1/3 cup Yellow bell pepper , 1/3 cup Red bell pepper  ,1/4 cup yellow zucchini  ,1/4 cup green zucchini,  1/3 cup big broccoli floret,  1/4 cup cherry tomatoes or normal tomatoes.,  1 cup lettuce , 1 tsp olives  Feta cheese as per your taste. , 1 boiled eggs(optional) "
Paneer patty;" 1 cup PANEER crumbled (Indian Cottage Cheese),  ¾ cup potato boiled or mashed mixed veggies or sweet corn (pulsed coarsely) , 2 to 3 green chilies chopped small (adjust)  ,¼ cup bread crumbs or powdered poha (adjust as needed) , 1 tsp ginger paste,  ¼ tsp cumin or jeera  ,1 medium onion optional  ,1/8 tsp turmeric or haldi , ¾ tsp garam masala powder  handful coriander leaves chopped ,Salt to taste"
Nutrie veg roll;"Whole wheat parathas: 2 Kissan Fresh Tomato Ketchup: 2 tablespoons Finely chopped coriander: 1 teaspoon Salt to taste Julienned capsicum (small): 1 Sliced onion (small): 1 Pav bhaji masala: 1/4 teaspoon Lemon juice: ½ teaspoon Chilli powder: ½ teaspoon Sugar: ½ teaspoon Roasted cumin powder: 1/2 teaspoon Vegetable oil: 2 tablespoons Water: 1 tablespoon Mini soya chunks, rehydrated in hot water and drained: ½ cup Coriander powder: 1 teaspoon Garam masala: 1/4 teaspoon"
Chicken chilly;"2 chicken breasts, 1 teaspoon  salt, ½ teaspoon  pepper ,1 egg, beaten ,¾ cup  flour (100 g), 1 green pepper, sliced 1 red pepper, sliced rice, to serve CHILLI SAUCE  ,3 cloves garlic cloves, crushed 1 red chilli chopped ,3 tablespoons  soy sauce ,2 tablespoons  tomato puree ,½ cup  water (100 mL)"
Low carb peanut butter cookies;"1 cup peanut butter, ½ cup low-calorie natural sweetener (such as Swerve), 1 egg, 1 teaspoon sugar-free vanilla extract"
Chocolate keto fat bombs;"1/2 cup nut butter of choice or coconut butter, 1/4 cup cocoa or cacao powder, 1/4 cup melted coconut oil, stevia to taste, or 1 tbsp liquid sweetener of choice, optional, I like to add 1/8 tsp salt"
Protien cheese cake;"12 Ounces Cream Cheese - Fat Free 339g, 12 Ounces Greek Yogurt - Plain Fat Free, 2 Large Whole Eggs, ¾ Cup Sweetener, ¼ Teaspoon Salt, 2 Scoops Protein Powder - 60g (I like vanilla), 10-15 Drops Liquid Sweetener - *Optional, 1 Teaspoon Vanilla Extract"
strawberry lemonade pop sicles;"1 3/4 cups strawberries hulled and diced, 1 cup about 5 medium lemons fresh lemon juice, 1/2 cup water, 1 cup granulated sugar divided"
choclate fudge;"2 cups (12oz) semi sweet chocolate chips (do not use milk chocolate), 14 oz can sweetened condensed milk, 1 tsp vanilla extract"
keto brownie;"1 cup fine almond flour, 1/4 cup cocoa powder, 2 tbsp dutch cocoa or additional regular, 1 tsp baking powder, 1/2 tsp salt, 1/3 cup melted coconut oil or butter, 3 tbsp water or additional oil, 2 eggs, or 2 flax eggs, 2/3 cup granulated erythritol or regular sugar, 1 tsp pure vanilla extract"
Beef and bean chile verde;"1 pound 93%-lean ground beef, 1 large red bell pepper, chopped, 1 large onion, chopped, 6 cloves garlic, chopped, 1 tablespoon chili powder, 2 teaspoons ground cumin, ¼ teaspoon cayenne pepper, or to taste, 1 16-ounce jar green salsa, green enchilada sauce or taco sauce, ¼ cup water, 1 15-ounce can pinto or kidney beans, rinsed"
Turkey saucage and arugula pasta;"12 ounces whole-wheat short pasta, such as shells or twists ,8 ounces hot Italian turkey sausage links, removed from casings 3 cloves garlic, chopped 8 cups arugula, or baby spinach ,2 cups halved cherry tomatoes ,1/2 cup finely shredded Pecorino Romano, or Parmesan cheese, plus more to taste ,1 teaspoon freshly ground pepper ,1/4 teaspoon salt ,1 tablespoon extra-virgin olive oil"
chicken soup;"1 (3 pound) whole chicken  , 4 carrots, halved   4 stalks celery, halved   1 large onion, halved  , water to cover   ,salt and pepper to taste   ,1 teaspoon chicken bouillon granules (Optional)"
Chicken curry;"2 pounds skinless, boneless chicken breast halves,   2 teaspoons salt ,  ½ cup cooking oil,   1 ½ cups chopped onion  , 1 tablespoon minced garlic,   1 ½ teaspoons minced fresh ginger root ,  1 tablespoon curry powder  , 1 teaspoon ground cumin  , 1 teaspoon ground turmeric  , 1 teaspoon ground coriander  , 1 teaspoon cayenne pepper   ,1 tablespoon water,   1 (15 ounce) can crushed tomatoes  , 1 cup plain yogurt  , 1 tablespoon chopped fresh cilantro  , 1 teaspoon salt,   ½ cup water  , 1 teaspoon garam masala  , 1 tablespoon chopped fresh cilantro  , 1 tablespoon fresh lemon juice"
Parmesan chicken;"4 skinless, boneless chicken breast halves   ,salt and freshly ground black pepper to taste   ,2 eggs   ,1 cup panko bread crumbs, or more as needed ,  ½ cup grated Parmesan cheese   ,2 tablespoons all-purpose flour, or more if needed  , 1 cup olive oil for frying,   ½ cup prepared tomato sauce  , ¼ cup fresh mozzarella, cut into small cubes ,  ¼ cup chopped fresh basil  , ½ cup grated provolone cheese ,  ¼ cup grated Parmesan cheese   ,1 tablespoon olive oil"
Sesame beef;"1 pound round steak  , 4 tablespoons soy sauce ,  4 tablespoons white sugar   ,4 tablespoons vegetable oil ,  2 cloves garlic, minced  , 2 green onions, chopped   ,2 tablespoons sesame seeds"
Chicken saucage and salad;"Lettuce - 8-9 leaves, Mayonnaise - 2 tbsp, Virgin Olive oil - 1 tbsp, Tomatoes - 2 nos, Onions - 1 no, Chicken Sausages - 3 nos"
Baked shrimp parmesan;"1 pound uncooked medium shrimp, peeled and deveined,¼ cup melted butter, ¼ cup grated Parmesan cheese, 4 cloves garlic, minced, 2 tablespoons olive oil, ½ cup panko bread crumbs"
Burrito bowl;"1 cup uncooked rice 1 cup salsa, homemade or store-bought 3 cups chopped Romaine lettuce 1 (15.25-ounce) can whole kernel corn, drained 1 (15-ounce) black beans, drained and rinsed 2 Roma tomatoes, diced 1 avocado, halved, seeded, peeled and diced 2 tablespoons chopped fresh cilantro leaves FOR THE CHIPOTLE CREAM SAUCE  1 cup sour cream 1 tablespoon chipotle paste* 1 clove garlic, pressed Juice of 1 lime 1/4 teaspoon salt, or more, to taste"
Asian selmon;"1/4 cup honey 3 cloves garlic, minced 2 tablespoons reduced sodium soy sauce 1 tablespoon seasoned rice vinegar 1 tablespoon sesame oil 1 tablespoon freshly grated ginger 1 teaspoon Sriracha, optional Freshly ground black pepper, to taste 2 pounds salmon 2 green onions, thinly sliced 1/2 teaspoon sesame seeds "
Spinach and cheese rolls;"1 bunch English spinach large stems trimmed, 1 onion finely chopped large, /2 cup parmesan cheese grated, 3 sheets puff pastry partially thawed, 1 g egg lightly beaten, 250 g ricotta"
Marinated turkey breast;"2 cloves garlic, peeled and minced, 1 tablespoon finely chopped fresh basil, ½ teaspoon ground black pepper, 2 (3 pound) boneless turkey breast halves, 6 whole cloves, ¼ cup vegetable oil, ¼ cup soy sauce, 2 tablespoons lemon juice, 1 tablespoon brown sugar"
Selmon wrap;"4 Mission Carb Balance Soft Taco Whole Wheat Tortillas, 1 Tbsp olive oil, ½ tsp smoked paprika, ¼ tsp salt, 4 salmon fillets (4oz each), 4 oz cream cheese, softened, 2 Tbsp mayonnaise, 2 Tbsp red onion, finely chopped, 2 Tbsp dill, freshly chopped, 1 Tbsp capers, 4 large romaine or iceberg lettuce leaves, 1 large tomato, chopped"
Curried chicken salad with apples;"1 teaspoon curry powder, 2 teaspoons water, 1 cup chopped skinless, boneless Grilled Lemon-Herb Chicken (about 4 ounces), ¾ cup chopped Braeburn apple (about 1 small), ⅓ cup diced celery, ⅛ teaspoon salt"
Vegetarian Black Bean Pasta;"9 ounces uncooked whole wheat fettuccine,1 tablespoon olive oil, 1-3/4 cups sliced baby portobello mushrooms, 1 garlic clove, minced, 1 can (15 ounces) black beans, rinsed and drained, 1 can (14-1/2 ounces) diced tomatoes, undrained, 1 teaspoon dried rosemary, crushed, 1/2 teaspoon dried oregano, 2 cups fresh baby spinach"
Veggie Nicoise Salad;"1/3 cup olive oil, 1/4 cup lemon juice, 2 teaspoons minced fresh oregano, 2 teaspoons minced fresh thyme, 1 teaspoon Dijon mustard, 1 garlic clove, minced, 1/4 teaspoon coarsely ground pepper, 1/8 teaspoon salt, 1 can (16 ounces) kidney beans, rinsed and drained, 1 small red onion, halved and thinly sliced, 1 pound small red potatoes (about 9), halved, 1 pound fresh asparagus, trimmed, 1/2 pound fresh green beans, trimmed, 12 cups torn romaine (about 2 small bunches), 6 hard-boiled large eggs, quartered, 1 jar (6-1/2 ounces) marinated quartered artichoke hearts, drained, 1/2 cup Nicoise or kalamata olives"
Cumin Quinoa Patties (2 patties);"1 cup water, 1/2 cup quinoa, rinsed, 1 medium carrot, cut into 1-inch pieces, 1 cup canned cannellini beans, rinsed and drained, 1/4 cup panko bread crumbs, 3 green onions, chopped, 1 large egg, lightly beaten, 3 teaspoons ground cumin, 1/4 teaspoon salt, 1/8 teaspoon pepper, 2 tablespoons olive oil, Optional: Sour cream, salsa and minced fresh cilantro"
Chana Dal Pancakes;"2 and 3/4 tablespoon chana dal, 3 teaspoon spinach, 1 and 1/4 curry leaves, 1/4 teaspoon ginger, salt As required, 1 and 1/4 tablespoon fenugreek leaves ( methi), 1 and 1/4 tablespoon carrot, 1/2 tablespoon yoghurt (curd), 1/2 green chillies, 1/2 teaspoon refined oil"
Lettuce Cauliflower soup;"2 cups - cauliflower florets, 2 - onions, medium size, 2 cups - milk, 1 liter - vegetable stock, 1 cup - lettuce, chopped, 1/2 cup - celery chopped, 2 tbsp - butter, salt & pepper to taste, grated cheese to garnish"
Moong sprouts and Spring onion tikki ;"One 1/2 cups parboiled sprouted moong (whole green gram),1/2 cup finely chopped spring onions (whites and greens),2 tsp finely chopped green chillies,One tsp finely chopped garlic (lehsun),1/4 cup oats flour, refer handy tip,Salt to taste,One 1/4 tsp oil for greasing and cooking"
Dahi Bhindi Subzi;"66.67 to 83.33 grams bhindi (okra or lady finger), 0.33 medium onion, finely chopped, 0.67 medium ripe red tomatoes + 6-7 whole cashews, chopped - blended to a smooth paste, 0.17 cup Curd (yogurt) - whisked till smooth, 1 to 1.33 garlic + ½ inch ginger - crushed to a paste in a mortar and pestle, 0.5 tablespoon besan (gram flour), 0.17 teaspoon cumin seeds, 0.17 teaspoon coriander powder, 0.08 teaspoon red chili powder, 0.08 teaspoon turmeric powder, 0.08 or 0.17 teaspoon Homemade Garam Masala Powder then just add ¼ teaspoon, 0.67 cups water, 0.33 to 0.67 tablespoon cream, 0.67 tablespoon oil for sauting the bhindi, 0.33 tablespoon ghee (clarified butter) or oil for the sauce, 0.08 to 0.17 teaspoon crushed kasuri methi (dry fenugreek leaves), salt as required"
Khumbh palak;"Spinach - 350 grams,Mushroom - 6-8,Tomato - 2,Green chilly - 1-2,Ginger - 1/2 inch piece,Coconut - 1.2 cup (small chunks),Green coriander - 2 tbsp (finely chopped),Salt - 3/4 tsp (as per taste),Coriander powder - 1 tsp,Garam masala - 1/4 sp,Oil - 2 tbsp,Asafoetida - 1 pinch,Cumin seeds - 1/4 tsp,Red chilly powder - 1/4 tsp,Turmeric powder - 1/4 tsp ,Cream - 2 tbsp"
Garlicky Hummus (per tbsp);"2 c Chickpeas (or 1 can, rinsed and drained), 2 Tbsp Avocado Oil (or Olive Oil), Juice of 1 Lemon, 1 tsp Salt, 2 Tbsp Tahini, 1 tsp minced Garlic"
Buckwheat Dosa ;"1 1/2 cup buckwheat (kuttu), 1/2 teaspoon asafoetida, 1 coriander leaves, 1 teaspoon mustard seeds, salt as required, 1/2 cup refined oil, 1 green chilli, 1 1/2 tablespoon urad dal, water as required"
Green Peas paratha;"For The Paratha Dough, 0.67 cups whole wheat flour (atta) or 240 grams whole wheat flour, 0.17 teaspoon salt, 0.67 teaspoon oil, 0.17 to 0.22 cup water for kneading, add as required, For Green Peas Paratha Stuffing, 0.42 cups fresh peas (matar) or 125 grams matar, 0.17 teaspoon cumin seeds (jeera) - roasted, 0.33 tablespoon besan (gram flour) - roasted, 0.33 to 0.5 tablespoon finely chopped coriander leaves (dhania patta), 0.33 green chili (hari mirch) - finely chopped, 0.33 pinch asafoetida (hing), 0.08 teaspoon garam masala (optional), salt as required, oil or ghee as required while roasting parathas"
Stuffed Nachni roti;"For The Dough , 1 cup ragi (nachni / red millet) flour salt to taste , To Be Mixed Into A Stuffing,  1/2 cup thinly grated carrot , 1/2 cup crumbled paneer (cottage cheese) , 1/4 cup finely chopped coriander (dhania) leaves , 1 tsp finely chopped green chillies, salt to taste , Other Ingredients , oil for cooking ragi (nachni / red millet) flour for rolling"
Stuffed Bajra roti;"Ingredients for Dough and Paratha:, 1 Cup Bajra Flour, 1/2 tsp salt or as per taste, Lukewarm Water for kneading the dough, Ghee (Clarified Butter) for shallow frying, Dry flour for rolling, Ingredients for Stuffing:, 2 Boiled Potatoes, 1/2 teaspoon Roasted Cumin Powder, 1/2 teaspoon Amchoor Powder (Dry mango powder), Red chilly powder to taste, 1 teaspoon of Coriander Powder, Salt to taste, 1-2 Chopped Green chillies (I have not added)"
Tomato Methi rice;"4 cups Rice , cooked, 1 Onion thinly sliced, 1 inch Ginger, 4 cloves Garlic, 3 Tomatoes , finely chopped, 2 cups Methi Leaves (Fenugreek Leaves) , roughly chopped, 1 teaspoon Red Chilli powder, 2 teaspoon Coriander Powder (Dhania), 1 teaspoon Garam masala powder, 1 Cinnamon Stick(Dalchini), 2 Cloves (Laung), 1 Cardamom (Elaichi) Pods/Seeds, 2 tablespoons Ghee, Salt , to taste"
"Bajra, whole Moong and green pea khichdi;","1/4 cup pearl millet/bajra, 1/4 cup whole green moong, 1/2 cup green peas, 1 cup tomatoes, 1/2 cup onions, 8 cloves garlic, 1 inch ginger, 1 green chilli, 1 tbsp ghee, 1 tsp cumin seeds, 1/4 tsp turmeric, 1 pinch asafoetida, 1 tbsp green coriander, 1/2 tsp garam masala, to taste Salt"
Vegetable bulgur wheat khichdi;" Bulgur -1/2 cup Moong dal – 1/4 cup (split yellow ones),    Onion -1,    Tomato -1,    Green chilli -1,    Ginger -1 inch piece finely chopped,    Turmeric powder -1/4 tsp,    Sambar powder -1/2 tsp (optional),    Salt needed,    Ghee/clarified butter -1 tspFor the seasoning Oil – 1 1/2 – 2 tbsp,    Mustard seeds -3/4 tsp,    Cumin seeds -3/4 tsp,    Hing – a pinch,    Curry leaves – a sprig For garnishing Coriander leaves – 1 tbsp finely chopped"
Adai ;"For Soaking ,½ cup regular rice or idli rice or parboiled rice,¼ cup chana dal (split and husked bengal gram),¼ cup urad dal (split and husked black gram),¼ cup tuvar dal (arhar dal, pigeon pea lentils),2 dry red chilies - byadagi or kashmiri,1.5 cups water for soaking,For Making Adai Batter,1.5 teaspoons chopped ginger,1 generous pinch hing,1 chopped green chili - optional,½ teaspoon cumin seeds - optional,⅔ to ¾ cup water for grinding or add as required,⅓ cup inely chopped onions or pearl onions or shallots,2 teaspoons chopped curry leaves or 8 to 10 curry leaves - chopped,¼ cup chopped coriander leaves,¼ cups grated coconut - optional,Other Ingredients,salt as required,oil as required,"
Oats Dosa;"0.06 cup quick cooking oats,0.03 cup rice flour,0.03 cup rava (sooji or cream of wheat or semolina),0.06 cup Curd (yogurt),0.03 cup finely chopped onion or 1 small onion - finely chopped,0.13 teaspoon finely chopped ginger,0.13 teaspoon inely chopped green chilies,0.13 to 0.19 tablespoon chopped coriander leaves,0.88 to 1 curry leaves - finely chopped,0.06 teaspoon cumin seeds,0.03 teaspoon black pepper - crushed in a mortar-pestle,0.13 to 0.25 tablespoon grated oconut optional,0.16 cups water or add as required,salt as required,oil or ghee or butter for preparing dosa"
Bitter gourd Tikki ( per Tiiki);"2 Karela (Bitter Gourd/ Pavakkai) , grated,1 Carrot (Gajjar) , grated,200 grams Paneer (Homemade Cottage Cheese) , grated,1/4 cup Oats Flour,2 Green Chillies , finely chopped,1 teaspoon Red Chilli powder,1/4 teaspoon Turmeric powder (Haldi),1 teaspoon Chaat Masala Powder,1/4 cup Coriander (Dhania) Leaves , chopped,Salt , to taste,Sunflower Oil , for frying tikkis,Sunflower Oil , for frying tikkis,"
Carrot Cucumber And Rajma Salad;"1 Cup thinly Sliced Carrot, 1 Cup thinly Sliced Cucumber, 1/2 Cup p soaked and Boiled Rajma (Kidney Beans), 1/2 Cup Sliced Spring Onions"